customer_id,total_spent,transaction_count,avg_order_value
CUST0001,313313.44,4,78328.36
CUST0002,322301.67,7,46043.095714285715
CUST0003,322573.98,8,40321.7475
CUST0004,52991.1,3,17663.7
CUST0005,237735.63999999998,5,47547.128
CUST0006,81487.52,3,27162.506666666668
CUST0007,118919.11,4,29729.7775
CUST0008,247440.71,5,49488.142
CUST0009,224996.9,5,44999.38
CUST0010,160130.7,5,32026.140000000003
CUST0011,289491.91,5,57898.382
CUST0012,257531.2,7,36790.17142857143
CUST0013,439448.64,6,73241.44
CUST0014,152265.91,5,30453.182
CUST0015,219556.18999999997,5,43911.238
CUST0016,78047.35,7,11149.621428571429
CUST0017,261061.78,7,37294.54
CUST0018,76255.62,2,38127.81
CUST0019,160944.4,5,32188.879999999997
CUST0020,68581.72,5,13716.344000000001
CUST0021,186617.66,4,46654.415
CUST0022,424105.15,5,84821.03
CUST0023,119955.79,3,39985.26333333333
CUST0024,588279.63,12,49023.3025
CUST0025,73093.13,3,24364.376666666667
CUST0026,253463.31,8,31682.91375
CUST0027,270626.13,5,54125.226
CUST0028,304791.02999999997,8,38098.878749999996
CUST0029,249619.23,4,62404.8075
CUST0030,257586.68000000002,6,42931.113333333335
CUST0031,190587.33000000002,5,38117.466
CUST0032,130504.61,3,43501.53666666667
CUST0033,204975.27,7,29282.181428571428
CUST0034,274452.5,7,39207.5
CUST0035,292969.54000000004,7,41852.791428571436
CUST0036,181743.28,3,60581.09333333333
CUST0037,87934.04,4,21983.51
CUST0038,82589.20999999999,4,20647.302499999998
CUST0039,331959.89999999997,5,66391.98
CUST0040,80114.24,2,40057.12
CUST0041,111752.46,5,22350.492000000002
CUST0042,84224.54999999999,2,42112.274999999994
CUST0043,199728.88999999998,5,39945.778
CUST0044,21333.67,2,10666.835
CUST0045,99910.29000000001,3,33303.43
CUST0046,263981.2,5,52796.240000000005
CUST0047,75046.75,5,15009.35
CUST0048,158650.34,6,26441.72333333333
CUST0049,573388.39,7,81912.62714285715
CUST0050,9533.81,2,4766.905
CUST0051,28788.57,4,7197.1425
CUST0052,82435.99,3,27478.663333333334
CUST0053,430396.63,4,107599.1575
CUST0054,211218.77,8,26402.34625
CUST0055,119772.85,3,39924.28333333333
CUST0056,102782.89,1,102782.89
CUST0057,329216.36,5,65843.272
CUST0058,165485.12,9,18387.235555555555
CUST0059,504641.36,9,56071.26222222222
CUST0060,390607.93,10,39060.793
CUST0061,30373.989999999998,2,15186.994999999999
CUST0062,145406.04,4,36351.51
CUST0063,43450.78,4,10862.695
CUST0064,18463.190000000002,3,6154.396666666667
CUST0065,350211.77999999997,5,70042.356
CUST0066,52710.95,3,17570.316666666666
CUST0067,292680.39,6,48780.065
CUST0068,50577.92,4,12644.48
CUST0069,507268.64,4,126817.16
CUST0070,365296.70999999996,5,73059.34199999999
CUST0071,82765.48,4,20691.37
CUST0072,332536.48,8,41567.06
CUST0073,137257.22,8,17157.1525
CUST0074,341204.75,9,37911.63888888889
CUST0075,274104.99,8,34263.12375
CUST0077,37596.62,3,12532.206666666667
CUST0078,269713.46,8,33714.1825
CUST0079,408636.84,9,45404.09333333334
CUST0080,103870.51,4,25967.6275
CUST0081,97553.65999999999,4,24388.414999999997
CUST0082,179914.32,6,29985.72
CUST0083,337032.86,8,42129.1075
CUST0084,125998.37,3,41999.456666666665
CUST0085,316221.43,10,31622.143
CUST0086,182005.8,4,45501.45
CUST0087,31090.45,3,10363.483333333334
CUST0088,140133.71,5,28026.742
CUST0089,263517.79000000004,3,87839.26333333335
CUST0090,108240.84,8,13530.105
CUST0091,311417.58,5,62283.516
CUST0092,276960.19,4,69240.0475
CUST0093,98980.0,2,49490.0
CUST0094,112740.06,4,28185.015
CUST0095,228173.97999999998,6,38028.996666666666
CUST0096,209460.29,5,41892.058000000005
CUST0097,345185.85,5,69037.17
CUST0098,109308.95,2,54654.475
CUST0099,398411.37,6,66401.895
CUST0100,45676.39,4,11419.0975
CUST0101,165608.55,3,55202.85
CUST0102,139445.31,3,46481.77
CUST0104,168605.13999999998,3,56201.713333333326
CUST0105,15006.119999999999,3,5002.04
CUST0106,399169.71,8,49896.21375
CUST0107,227551.56,6,37925.26
CUST0108,2597.06,1,2597.06
CUST0109,126433.45000000001,5,25286.690000000002
CUST0110,306245.17,3,102081.72333333333
CUST0112,183895.0,4,45973.75
CUST0113,224831.65,2,112415.825
CUST0114,85421.91,4,21355.4775
CUST0115,75160.78,3,25053.593333333334
CUST0116,69446.79000000001,6,11574.465000000002
CUST0117,145856.71,5,29171.341999999997
CUST0118,150956.13,3,50318.71
CUST0119,184610.03,6,30768.338333333333
CUST0120,38626.369999999995,3,12875.456666666665
CUST0121,91161.33,5,18232.266
CUST0122,50789.89,4,12697.4725
CUST0123,232748.2,3,77582.73333333334
CUST0124,175355.79,2,87677.895
CUST0125,174378.48,4,43594.62
CUST0126,89944.66,4,22486.165
CUST0127,148516.76,6,24752.793333333335
CUST0128,145105.3,6,24184.216666666664
CUST0129,176060.76,6,29343.460000000003
CUST0130,63924.479999999996,6,10654.08
CUST0131,327487.20999999996,6,54581.20166666666
CUST0132,509108.68,13,39162.20615384616
CUST0133,166239.46,5,33247.892
CUST0134,58975.380000000005,4,14743.845000000001
CUST0135,36202.78999999999,2,18101.394999999997
CUST0136,448588.11,6,74764.685
CUST0137,547532.84,11,49775.71272727272
CUST0138,240853.62,9,26761.513333333332
CUST0139,223932.53,5,44786.506
CUST0141,108980.45000000001,5,21796.090000000004
CUST0142,107668.84,6,17944.806666666667
CUST0143,296764.99,5,59352.998
CUST0144,139823.79,7,19974.827142857142
CUST0145,219962.31,3,73320.77
CUST0146,178529.06,4,44632.265
CUST0147,328227.33,6,54704.555
CUST0148,280992.99,5,56198.598
CUST0149,130264.81999999999,7,18609.26
CUST0150,5531.24,1,5531.24
CUST0151,139315.22,3,46438.40666666667
CUST0152,62471.79,4,15617.9475
CUST0153,133178.13999999998,4,33294.534999999996
CUST0154,255878.24,4,63969.56
CUST0155,112723.48,4,28180.87
CUST0156,252093.52,3,84031.17333333332
CUST0157,179825.35,2,89912.675
CUST0158,71604.53,4,17901.1325
CUST0159,294486.39999999997,6,49081.06666666666
CUST0160,81383.24,2,40691.62
CUST0161,243126.75,7,34732.392857142855
CUST0162,110197.06999999999,5,22039.413999999997
CUST0163,168356.35,4,42089.0875
CUST0164,314476.59,6,52412.76500000001
CUST0165,88856.78,3,29618.926666666666
CUST0166,307450.61,5,61490.121999999996
CUST0167,298543.26,6,49757.21
CUST0168,54679.72,3,18226.573333333334
CUST0169,483661.6,7,69094.51428571428
CUST0170,348810.0,6,58135.0
CUST0171,277465.54,4,69366.385
CUST0172,179498.81,5,35899.762
CUST0173,300402.41000000003,4,75100.60250000001
CUST0174,35657.979999999996,2,17828.989999999998
CUST0175,201158.06000000003,4,50289.51500000001
CUST0176,1571.6399999999999,1,1571.6399999999999
CUST0177,133771.0,6,22295.166666666668
CUST0178,23696.9,2,11848.45
CUST0179,140699.05,6,23449.841666666664
CUST0180,120414.51,3,40138.17
CUST0181,291260.2,5,58252.04
CUST0182,238155.31999999998,5,47631.064
CUST0183,437276.52,4,109319.13
CUST0184,253362.89,4,63340.7225
CUST0185,136550.37,2,68275.185
CUST0186,149899.99,5,29979.998
CUST0187,164896.57,5,32979.314
CUST0188,87120.72,3,29040.24
CUST0189,183479.98,4,45869.995
CUST0190,210470.94,7,30067.277142857143
CUST0191,206816.77000000002,7,29545.25285714286
CUST0192,129947.7,3,43315.9
CUST0193,231602.55000000002,5,46320.51
CUST0194,92163.81999999999,6,15360.636666666665
CUST0195,255291.03,6,42548.505
CUST0196,602042.18,6,100340.36333333334
CUST0197,57406.21,4,14351.5525
CUST0198,245485.03,3,81828.34333333334
CUST0199,2686.29,2,1343.145
CUST0200,418856.93,8,52357.11625
CUST0201,221880.36000000002,5,44376.072
CUST0202,244086.54,3,81362.18000000001
CUST0203,111945.14,6,18657.523333333334
CUST0204,170086.26,9,18898.473333333335
CUST0205,193715.32,3,64571.77333333334
CUST0206,242460.87,7,34637.26714285714
CUST0207,118410.37000000001,3,39470.12333333334
CUST0208,68265.61,4,17066.4025
CUST0209,157540.77,5,31508.154
CUST0210,198715.45,3,66238.48333333334
CUST0211,157282.63,12,13106.885833333334
CUST0212,127493.73999999999,4,31873.434999999998
CUST0213,166697.64,7,23813.948571428573
CUST0214,180586.94,4,45146.735
CUST0215,256209.75,5,51241.95
CUST0216,117869.26,4,29467.315
CUST0217,51535.93,2,25767.965
CUST0218,131566.72,4,32891.68
CUST0219,148159.75,5,29631.95
CUST0220,124222.34000000001,4,31055.585000000003
CUST0221,481232.37,10,48123.237
CUST0222,592450.28,5,118490.05600000001
CUST0223,447887.94,9,49765.32666666667
CUST0224,93947.77,5,18789.554
CUST0225,169398.18,4,42349.545
CUST0226,75909.48999999999,1,75909.48999999999
CUST0227,307707.95,6,51284.65833333333
CUST0228,71817.45,4,17954.3625
CUST0229,151644.11,9,16849.345555555556
CUST0230,348925.89,4,87231.4725
CUST0231,84785.52,6,14130.92
CUST0232,183991.47,4,45997.8675
CUST0233,189667.16999999998,4,47416.792499999996
CUST0234,99795.93,2,49897.965
CUST0235,161977.26,4,40494.315
CUST0236,281777.3,4,70444.325
CUST0237,392348.2,9,43594.24444444445
CUST0238,18117.38,2,9058.69
CUST0239,242643.16,6,40440.526666666665
CUST0241,19651.920000000002,3,6550.64
CUST0242,90329.35,4,22582.3375
CUST0243,358343.85,9,39815.98333333333
CUST0244,28911.91,3,9637.303333333333
CUST0245,79304.90000000001,2,39652.450000000004
CUST0246,348512.20999999996,6,58085.368333333325
CUST0247,119842.46999999999,3,39947.49
CUST0248,90725.61,2,45362.805
CUST0249,150169.54,3,50056.513333333336
CUST0250,211756.31,7,30250.90142857143
CUST0251,183200.67,9,20355.63
CUST0252,352730.48,7,50390.06857142857
CUST0253,90841.16,5,18168.232
CUST0254,102987.43,4,25746.8575
CUST0255,83967.8,5,16793.56
CUST0256,115204.93,4,28801.2325
CUST0257,366983.55,8,45872.94375
CUST0258,202186.15,6,33697.691666666666
CUST0259,65392.02,4,16348.005
CUST0260,104282.53,4,26070.6325
CUST0261,313008.42,6,52168.07
CUST0262,132120.85,6,22020.141666666666
CUST0263,81662.17,2,40831.085
CUST0264,251417.92,10,25141.792
CUST0265,64772.270000000004,3,21590.756666666668
CUST0266,46348.27,1,46348.27
CUST0267,98037.61,3,32679.203333333335
CUST0268,30542.989999999998,1,30542.989999999998
CUST0269,29009.97,4,7252.4925
CUST0270,228257.18,6,38042.863333333335
CUST0271,98371.38,4,24592.845
CUST0272,194936.84,4,48734.21
CUST0273,214796.13,4,53699.0325
CUST0274,110433.09,3,36811.03
CUST0275,16793.7,1,16793.7
CUST0276,109007.01,4,27251.7525
CUST0277,153078.04,5,30615.608
CUST0278,209405.37,4,52351.3425
CUST0279,262390.49,8,32798.81125
CUST0280,163706.05000000002,5,32741.210000000003
CUST0281,173747.16999999998,3,57915.72333333333
CUST0282,66912.92,5,13382.583999999999
CUST0283,172921.03,11,15720.093636363636
CUST0284,248073.82,4,62018.455
CUST0285,434758.08,8,54344.76
CUST0286,70539.41,2,35269.705
CUST0287,108127.49,4,27031.8725
CUST0288,105999.89,3,35333.29666666667
CUST0289,182307.66999999998,6,30384.611666666664
CUST0290,444217.19,4,111054.2975
CUST0291,192794.41999999998,6,32132.403333333332
CUST0292,966707.06,17,56865.121176470595
CUST0293,397795.25,6,66299.20833333333
CUST0294,124629.37,7,17804.195714285714
CUST0295,208598.44,4,52149.61
CUST0296,69942.38,5,13988.476
CUST0297,70735.23,3,23578.41
CUST0298,384438.04000000004,7,54919.72000000001
CUST0299,463536.96,6,77256.16
CUST0300,142947.65,5,28589.53
CUST0301,150077.94,7,21439.705714285716
CUST0302,175399.91999999998,6,29233.319999999996
CUST0303,256853.39,6,42808.89833333334
CUST0304,146767.28,3,48922.426666666666
CUST0305,209361.76,4,52340.44
CUST0306,152787.12,2,76393.56
CUST0307,91220.95,6,15203.491666666667
CUST0308,229797.96000000002,7,32828.280000000006
CUST0309,272902.7,7,38986.1
CUST0310,171248.55000000002,3,57082.850000000006
CUST0311,157622.84,3,52540.94666666666
CUST0312,86376.01,7,12339.429999999998
CUST0313,185682.22,9,20631.35777777778
CUST0314,405454.73000000004,5,81090.94600000001
CUST0315,218742.4,5,43748.479999999996
CUST0316,56042.270000000004,1,56042.270000000004
CUST0317,121613.06,4,30403.265
CUST0318,262126.49,7,37446.64142857143
CUST0319,81336.84,4,20334.21
CUST0320,227515.69,5,45503.138
CUST0321,181433.94999999998,5,36286.78999999999
CUST0322,283139.58,8,35392.4475
CUST0323,193987.14,2,96993.57
CUST0324,245439.66,10,24543.966
CUST0325,49507.47,3,16502.49
CUST0326,299427.8,6,49904.63333333333
CUST0327,312111.33,7,44587.33285714286
CUST0328,150820.43,5,30164.086
CUST0329,52680.920000000006,1,52680.920000000006
CUST0330,335814.23,6,55969.03833333333
CUST0331,56818.47,3,18939.49
CUST0332,220502.38,4,55125.595
CUST0333,283331.28,6,47221.880000000005
CUST0334,280251.69999999995,7,40035.957142857136
CUST0335,140291.09,2,70145.545
CUST0336,116161.69,4,29040.4225
CUST0337,164197.51,3,54732.503333333334
CUST0338,194723.4,8,24340.425
CUST0339,209831.68,3,69943.89333333333
CUST0340,187931.29,5,37586.258
CUST0341,73869.33,3,24623.11
CUST0342,105518.4,4,26379.6
CUST0343,281441.61,7,40205.944285714286
CUST0344,236168.08000000002,7,33738.29714285715
CUST0345,390470.17,4,97617.5425
CUST0346,208606.08,7,29800.86857142857
CUST0347,24826.17,3,8275.39
CUST0348,209555.3,6,34925.88333333333
CUST0349,289561.02999999997,7,41365.86142857142
CUST0350,101104.28,5,20220.856
CUST0351,115470.12,7,16495.731428571427
CUST0352,203609.08000000002,7,29087.01142857143
CUST0353,185493.25,5,37098.65
CUST0354,157008.75,4,39252.1875
CUST0355,141464.86,6,23577.476666666666
CUST0356,164144.68,8,20518.085
CUST0357,205660.99000000002,9,22851.221111111114
CUST0358,459378.48,10,45937.848
CUST0359,180496.27,7,25785.181428571428
CUST0360,187185.44,4,46796.36
CUST0361,245299.86000000002,7,35042.83714285715
CUST0362,254777.53999999998,6,42462.92333333333
CUST0363,330666.04000000004,8,41333.255000000005
CUST0364,251628.94,5,50325.788
CUST0365,122030.83,6,20338.471666666668
CUST0366,250180.0,7,35740.0
CUST0367,393952.42,6,65658.73666666666
CUST0368,310022.63,8,38752.82875
CUST0369,360778.07,4,90194.5175
CUST0370,325188.54,3,108396.18
CUST0371,51790.83,5,10358.166000000001
CUST0372,288245.45,5,57649.090000000004
CUST0373,143256.22,3,47752.073333333334
CUST0374,46558.75,2,23279.375
CUST0375,317685.8,5,63537.159999999996
CUST0376,37740.9,3,12580.300000000001
CUST0377,217151.88,6,36191.98
CUST0378,107522.09,2,53761.045
CUST0379,106727.89000000001,4,26681.972500000003
CUST0380,531751.3,10,53175.130000000005
CUST0381,81960.08,2,40980.04
CUST0382,80263.38,4,20065.845
CUST0383,229893.53999999998,5,45978.708
CUST0384,307486.99,6,51247.831666666665
CUST0385,136201.49,5,27240.298
CUST0386,313070.04000000004,6,52178.340000000004
CUST0387,244215.91999999998,5,48843.183999999994
CUST0388,221349.1,10,22134.91
CUST0389,305173.96,6,50862.32666666667
CUST0390,31637.2,2,15818.6
CUST0391,304989.54,7,43569.934285714284
CUST0392,455613.22,6,75935.53666666667
CUST0393,216970.31,6,36161.71833333333
CUST0394,118611.59,7,16944.512857142858
CUST0395,147535.44,8,18441.93
CUST0396,54972.67,2,27486.335
CUST0397,305833.39,7,43690.48428571429
CUST0398,271644.79,6,45274.13166666666
CUST0399,134585.65,5,26917.129999999997
CUST0400,137849.38,3,45949.793333333335
CUST0401,129274.59,7,18467.79857142857
CUST0402,48935.26,3,16311.753333333334
CUST0403,168327.71,5,33665.542
CUST0404,255940.43000000002,5,51188.086
CUST0405,159489.6,4,39872.4
CUST0406,105562.83,5,21112.566
CUST0407,55437.490000000005,2,27718.745000000003
CUST0408,202477.2,4,50619.3
CUST0409,451398.45,7,64485.49285714286
CUST0410,115336.04000000001,6,19222.673333333336
CUST0411,190896.88999999998,4,47724.222499999996
CUST0412,195206.09000000003,5,39041.21800000001
CUST0413,232099.22,6,38683.20333333333
CUST0414,126376.96,4,31594.24
CUST0415,165208.04,2,82604.02
CUST0416,28387.149999999998,2,14193.574999999999
CUST0417,109577.79,5,21915.557999999997
CUST0418,35600.91,1,35600.91
CUST0419,353517.71,4,88379.4275
CUST0420,192809.99,3,64269.996666666666
CUST0421,158957.66,6,26492.943333333333
CUST0422,264688.07,6,44114.67833333334
CUST0423,254540.09000000003,5,50908.018000000004
CUST0424,241996.8,7,34570.97142857143
CUST0425,195376.03,7,27910.86142857143
CUST0426,61301.92,3,20433.97333333333
CUST0427,396728.13,5,79345.626
CUST0428,426025.86,8,53253.2325
CUST0429,261237.66,7,37319.665714285715
CUST0430,19550.72,2,9775.36
CUST0431,221060.84999999998,8,27632.606249999997
CUST0432,134943.13,3,44981.043333333335
CUST0433,101340.29000000001,6,16890.048333333336
CUST0434,179387.29,5,35877.458
CUST0435,133883.12,4,33470.78
CUST0436,20452.510000000002,2,10226.255000000001
CUST0437,263338.0,5,52667.6
CUST0438,482915.8,8,60364.475
CUST0439,96677.64000000001,5,19335.528000000002
CUST0440,407234.16,6,67872.36
CUST0441,153315.05,8,19164.38125
CUST0442,438282.77,8,54785.34625
CUST0443,211201.58,5,42240.316
CUST0444,186343.65,8,23292.95625
CUST0445,273242.77,5,54648.554000000004
CUST0446,118976.34,4,29744.085
CUST0447,482541.35,7,68934.47857142857
CUST0448,252814.75,6,42135.791666666664
CUST0449,24438.54,1,24438.54
CUST0450,23711.31,2,11855.655
CUST0451,342346.27,5,68469.254
CUST0452,243104.6,7,34729.228571428575
CUST0453,6113.86,1,6113.86
CUST0454,100281.72,4,25070.43
CUST0455,217802.05,3,72600.68333333333
CUST0456,357438.69,7,51062.67
CUST0457,411647.51999999996,5,82329.50399999999
CUST0458,284041.12,9,31560.124444444446
CUST0459,325703.19999999995,9,36189.24444444444
CUST0460,189230.66,7,27032.95142857143
CUST0461,69629.21,5,13925.842
CUST0462,95931.52,7,13704.502857142857
CUST0463,114828.77,5,22965.754
CUST0464,36591.16,2,18295.58
CUST0465,207150.9,7,29592.985714285714
CUST0466,44892.52,4,11223.13
CUST0467,164338.00999999998,5,32867.602
CUST0468,439163.37,7,62737.624285714286
CUST0469,152147.02,5,30429.404
CUST0470,119779.5,5,23955.9
CUST0471,150910.54,6,25151.756666666668
CUST0472,44206.26,2,22103.13
CUST0473,127195.40999999999,3,42398.469999999994
CUST0474,238457.27000000002,4,59614.317500000005
CUST0475,302101.69,8,37762.71125
CUST0476,211193.17,5,42238.634000000005
CUST0477,105740.01,5,21148.002
CUST0478,53868.42,4,13467.105
CUST0479,156739.31,5,31347.862
CUST0480,337961.0,7,48280.142857142855
CUST0481,112724.95,4,28181.2375
CUST0482,226355.33000000002,8,28294.416250000002
CUST0483,239913.59999999998,6,39985.6
CUST0484,182889.38,5,36577.876000000004
CUST0485,181898.08000000002,4,45474.520000000004
CUST0486,100052.24,3,33350.746666666666
CUST0487,72730.99,3,24243.663333333334
CUST0488,275829.62,7,39404.23142857143
CUST0489,485758.18,6,80959.69666666667
CUST0490,270250.97000000003,5,54050.194
CUST0491,235605.53,5,47121.106
CUST0492,231862.52000000002,5,46372.504
CUST0493,276693.67,8,34586.70875
CUST0494,19163.23,3,6387.743333333333
CUST0495,321776.77999999997,6,53629.463333333326
CUST0496,142747.96,8,17843.495
CUST0497,180070.65,7,25724.37857142857
CUST0498,350412.7,6,58402.11666666667
CUST0499,137848.32,4,34462.08
CUST0500,405963.87,7,57994.83857142857
CUST0501,365291.31,5,73058.262
CUST0502,393956.54000000004,8,49244.567500000005
CUST0503,125533.32,5,25106.664
CUST0504,26088.41,2,13044.205
CUST0505,58194.93,3,19398.31
CUST0506,265055.8,6,44175.96666666667
CUST0507,24970.190000000002,2,12485.095000000001
CUST0508,129226.33,4,32306.5825
CUST0509,355091.74,6,59181.956666666665
CUST0510,233289.33,7,33327.04714285714
CUST0511,29038.800000000003,2,14519.400000000001
CUST0512,352579.14,8,44072.3925
CUST0513,198015.62000000002,6,33002.60333333334
CUST0514,285504.29000000004,8,35688.036250000005
CUST0515,54687.19,3,18229.063333333335
CUST0516,272004.22,6,45334.03666666666
CUST0517,96309.52,4,24077.38
CUST0518,145276.96000000002,3,48425.65333333334
CUST0519,233363.87,6,38893.97833333333
CUST0520,108078.54,4,27019.635
CUST0521,18159.800000000003,1,18159.800000000003
CUST0522,82315.65,3,27438.55
CUST0523,283182.14,3,94394.04666666668
CUST0524,347009.17,5,69401.834
CUST0525,168704.01,4,42176.0025
CUST0526,215307.65,5,43061.53
CUST0527,105636.68000000001,2,52818.340000000004
CUST0528,218455.7,6,36409.28333333333
CUST0529,248622.53,7,35517.50428571428
CUST0530,161984.85,4,40496.2125
CUST0531,325548.67,10,32554.867
CUST0532,42989.04,4,10747.26
CUST0533,250807.58000000002,3,83602.52666666667
CUST0534,74160.76,2,37080.38
CUST0535,379734.06,9,42192.67333333333
CUST0536,275727.67,4,68931.9175
CUST0537,231913.71,6,38652.284999999996
CUST0538,144926.59,6,24154.431666666667
CUST0539,99815.04000000001,6,16635.84
CUST0540,163921.6,3,54640.53333333333
CUST0541,215872.24000000002,4,53968.060000000005
CUST0542,2345.88,1,2345.88
CUST0543,165146.21,5,33029.242
CUST0544,252217.29,7,36031.04142857143
CUST0545,234624.34999999998,4,58656.087499999994
CUST0546,214079.62,2,107039.81
CUST0547,189458.03,5,37891.606
CUST0548,461255.64,10,46125.564
CUST0549,213601.24,5,42720.248
CUST0550,304038.33,6,50673.055
CUST0551,220983.35,5,44196.67
CUST0552,355275.76,8,44409.47
CUST0553,53699.36,2,26849.68
CUST0554,448190.43,8,56023.80375
CUST0555,77519.51999999999,5,15503.903999999999
CUST0556,62616.369999999995,5,12523.274
CUST0557,421979.45,7,60282.77857142857
CUST0558,76628.42,7,10946.917142857143
CUST0559,349760.82,7,49965.83142857143
CUST0560,225600.78,6,37600.13
CUST0561,44448.99,1,44448.99
CUST0562,393436.48,8,49179.56
CUST0563,152015.2,5,30403.04
CUST0564,376243.87,6,62707.31166666667
CUST0565,38624.51,3,12874.836666666668
CUST0566,77469.51000000001,2,38734.755000000005
CUST0567,125841.24,6,20973.54
CUST0568,198118.1,4,49529.525
CUST0569,257158.63999999998,5,51431.727999999996
CUST0570,101905.25,3,33968.416666666664
CUST0571,70717.08,6,11786.18
CUST0572,34277.19,2,17138.595
CUST0573,197619.77,4,49404.9425
CUST0574,182005.38,9,20222.82
CUST0575,304725.79000000004,7,43532.25571428572
CUST0576,317603.25,9,35289.25
CUST0577,295239.08,7,42177.01142857143
CUST0578,105818.6,4,26454.65
CUST0579,112667.93999999999,2,56333.969999999994
CUST0580,43312.43,5,8662.486
CUST0581,320759.2,6,53459.86666666667
CUST0582,541509.87,7,77358.55285714286
CUST0583,151612.34,4,37903.085
CUST0584,282839.45999999996,3,94279.81999999999
CUST0585,136764.41999999998,7,19537.774285714284
CUST0586,204829.27000000002,5,40965.85400000001
CUST0587,114220.01000000001,5,22844.002
CUST0588,150357.18,5,30071.435999999998
CUST0589,488198.07,8,61024.75875
CUST0590,178222.76,6,29703.793333333335
CUST0591,354931.59,6,59155.26500000001
CUST0592,62936.89,3,20978.963333333333
CUST0593,58250.34,6,9708.39
CUST0594,133851.37,6,22308.561666666665
CUST0595,64192.520000000004,5,12838.504
CUST0596,10954.460000000001,1,10954.460000000001
CUST0597,109400.76,5,21880.152
CUST0598,151302.27,2,75651.135
CUST0599,170868.35,5,34173.67
CUST0600,62088.72,4,15522.18
CUST0601,16360.73,2,8180.365
CUST0602,253166.03,4,63291.5075
CUST0603,181258.55,7,25894.07857142857
CUST0604,116113.52,5,23222.704
CUST0605,167430.28,5,33486.056
CUST0606,202881.24,3,67627.08
CUST0607,165029.35,8,20628.66875
CUST0608,496334.08999999997,6,82722.34833333333
CUST0609,479659.93,9,53295.54777777778
CUST0610,209485.86000000002,2,104742.93000000001
CUST0611,171180.77000000002,4,42795.192500000005
CUST0612,264747.31,8,33093.41375
CUST0613,130384.23999999999,3,43461.41333333333
CUST0614,182918.72,6,30486.453333333335
CUST0615,235709.8,6,39284.96666666667
CUST0616,90959.92,3,30319.97333333333
CUST0617,383040.33,10,38304.033
CUST0618,129008.96999999999,3,43002.99
CUST0619,131018.51,9,14557.612222222222
CUST0620,63122.159999999996,4,15780.539999999999
CUST0621,101153.5,7,14450.5
CUST0622,96363.62,3,32121.206666666665
CUST0623,75487.58,3,25162.52666666667
CUST0624,79541.58,2,39770.79
CUST0625,94381.68,6,15730.279999999999
CUST0626,243470.22,5,48694.044
CUST0627,216638.05,3,72212.68333333333
CUST0628,264027.7,7,37718.24285714286
CUST0629,109086.55,4,27271.6375
CUST0630,43544.4,3,14514.800000000001
CUST0631,121440.75,8,15180.09375
CUST0632,191103.52,5,38220.704
CUST0633,35924.28,2,17962.14
CUST0634,106115.34,6,17685.89
CUST0635,272133.29,6,45355.54833333333
CUST0636,131538.4,2,65769.2
CUST0637,82059.85,5,16411.97
CUST0638,81625.2,6,13604.199999999999
CUST0639,288483.59,7,41211.94142857143
CUST0640,62627.06999999999,3,20875.69
CUST0641,291343.71,7,41620.530000000006
CUST0642,301868.06,5,60373.612
CUST0643,120594.28,3,40198.09333333333
CUST0644,190248.83,6,31708.138333333332
CUST0645,48411.7,2,24205.85
CUST0646,137615.15999999997,5,27523.031999999996
CUST0647,7023.81,2,3511.905
CUST0648,85315.98,3,28438.66
CUST0649,78567.97,4,19641.9925
CUST0650,160258.78,7,22894.11142857143
CUST0651,97836.75,6,16306.125
CUST0652,424257.8,7,60608.25714285714
CUST0653,381852.57,8,47731.57125
CUST0654,565505.13,8,70688.14125
CUST0655,345985.21,5,69197.042
CUST0656,45143.66,2,22571.83
CUST0657,63764.54000000001,2,31882.270000000004
CUST0658,521090.57,12,43424.214166666665
CUST0659,319075.19,7,45582.17
CUST0660,61901.969999999994,3,20633.989999999998
CUST0661,296432.29000000004,4,74108.07250000001
CUST0662,265479.87,9,29497.763333333332
CUST0663,156901.07,3,52300.35666666667
CUST0664,58256.86,2,29128.43
CUST0665,315656.8,4,78914.2
CUST0666,272599.72000000003,6,45433.286666666674
CUST0667,222858.25,9,24762.027777777777
CUST0668,57021.93,4,14255.4825
CUST0669,75947.77,4,18986.9425
CUST0670,173336.23,3,57778.74333333334
CUST0671,127922.09999999999,5,25584.42
CUST0672,308176.83,7,44025.26142857143
CUST0673,414326.72,9,46036.30222222222
CUST0674,370751.26,6,61791.87666666667
CUST0675,77971.23999999999,2,38985.619999999995
CUST0676,263117.02,6,43852.83666666667
CUST0677,327189.15,8,40898.64375
CUST0678,310568.45,8,38821.05625
CUST0679,71656.8,3,23885.600000000002
CUST0680,140191.44,4,35047.86
CUST0681,352103.58999999997,5,70420.718
CUST0682,19624.96,1,19624.96
CUST0683,220912.93,9,24545.88111111111
CUST0684,119577.90000000001,4,29894.475000000002
CUST0685,379482.97000000003,7,54211.85285714286
CUST0686,464634.73,9,51626.08111111111
CUST0687,161695.01,4,40423.7525
CUST0688,203209.61,7,29029.944285714282
CUST0689,180465.26,4,45116.315
CUST0690,76214.1,3,25404.7
CUST0691,108343.52,2,54171.76
CUST0692,144831.47999999998,5,28966.295999999995
CUST0693,135374.79,2,67687.395
CUST0694,383764.11,5,76752.822
CUST0695,62689.78,3,20896.593333333334
CUST0696,273494.5,7,39070.642857142855
CUST0697,274571.83,4,68642.9575
CUST0698,59459.47,4,14864.8675
CUST0699,376791.4,5,75358.28
CUST0700,463768.53,9,51529.83666666667
CUST0701,374648.63,6,62441.43833333333
CUST0702,297071.89,7,42438.84142857143
CUST0703,180423.95,5,36084.79
CUST0704,105819.48,4,26454.87
CUST0705,46150.5,2,23075.25
CUST0706,365427.35,7,52203.90714285714
CUST0707,554061.74,9,61562.415555555555
CUST0708,252669.65,7,36095.66428571429
CUST0709,250883.59,6,41813.931666666664
CUST0710,299525.48,7,42789.35428571428
CUST0711,252051.02,7,36007.28857142857
CUST0712,118547.79000000001,5,23709.558
CUST0713,205486.8,7,29355.257142857143
CUST0714,94231.34,3,31410.446666666667
CUST0715,229581.63,5,45916.326
CUST0716,225440.64,6,37573.44
CUST0717,240532.05,4,60133.0125
CUST0718,310372.61,5,62074.522
CUST0719,359579.12,6,59929.85333333333
CUST0720,239417.04,9,26601.893333333333
CUST0721,115235.09,8,14404.38625
CUST0722,138133.43,4,34533.3575
CUST0723,359589.27,6,59931.545000000006
CUST0724,163143.92,4,40785.98
CUST0725,212965.23,9,23662.803333333333
CUST0726,599070.21,11,54460.92818181818
CUST0727,287251.5,7,41035.92857142857
CUST0728,402513.93,8,50314.24125
CUST0729,304849.15,9,33872.12777777778
CUST0730,281470.73,7,40210.10428571428
CUST0731,126734.85999999999,5,25346.971999999998
CUST0732,183229.13999999998,5,36645.827999999994
CUST0733,170046.7,6,28341.11666666667
CUST0734,55131.450000000004,3,18377.15
CUST0735,279689.67,4,69922.4175
CUST0736,96118.2,5,19223.64
CUST0737,89774.72,3,29924.906666666666
CUST0738,94161.95,3,31387.316666666666
CUST0739,119549.82,3,39849.94
CUST0740,53090.43,2,26545.215
CUST0741,145111.49,5,29022.298
CUST0742,260528.33000000002,5,52105.666000000005
CUST0743,79075.17000000001,2,39537.58500000001
CUST0744,70518.38,3,23506.126666666667
CUST0745,208141.63,2,104070.815
CUST0746,104227.5,4,26056.875
CUST0747,583697.95,11,53063.45
CUST0748,127147.13,4,31786.7825
CUST0749,217733.35,5,43546.67
CUST0750,90970.05,5,18194.010000000002
CUST0751,325965.51,11,29633.228181818184
CUST0752,162477.17,8,20309.64625
CUST0753,270940.83,7,38705.83285714286
CUST0754,333523.35,6,55587.225
CUST0755,237416.63,4,59354.1575
CUST0756,482193.51,4,120548.3775
CUST0757,82954.57,4,20738.6425
CUST0758,178534.3,4,44633.575
CUST0759,88403.92,2,44201.96
CUST0760,103376.38,4,25844.095
CUST0761,162898.49,5,32579.697999999997
CUST0762,38019.6,3,12673.199999999999
CUST0763,186904.44,9,20767.16
CUST0764,122637.4,5,24527.48
CUST0765,145944.29,4,36486.0725
CUST0766,541866.52,5,108373.304
CUST0767,41486.57,4,10371.6425
CUST0768,151677.81,3,50559.27
CUST0769,23558.93,2,11779.465
CUST0770,165554.57,5,33110.914000000004
CUST0771,231208.22,4,57802.055
CUST0772,192006.83000000002,3,64002.27666666667
CUST0773,105265.28,4,26316.32
CUST0774,249019.93000000002,10,24901.993000000002
CUST0775,145183.05,5,29036.609999999997
CUST0776,159370.68,5,31874.136
CUST0777,331034.66,5,66206.932
CUST0778,408226.87,6,68037.81166666666
CUST0779,515972.39999999997,9,57330.26666666666
CUST0780,197280.85,4,49320.2125
CUST0781,349532.18,6,58255.363333333335
CUST0782,174947.11,6,29157.851666666666
CUST0783,145989.32,5,29197.864
CUST0784,82199.53,4,20549.8825
CUST0786,178240.08000000002,7,25462.868571428575
CUST0787,7363.1,1,7363.1
CUST0788,236738.69,4,59184.6725
CUST0789,137525.37,5,27505.074
CUST0790,146825.7,3,48941.9
CUST0791,544958.49,11,49541.68090909091
CUST0792,226254.91,7,32322.13
CUST0793,156595.62,3,52198.54
CUST0794,159380.39,6,26563.398333333334
CUST0796,370283.63,10,37028.363
CUST0797,171925.12,5,34385.024
CUST0798,125375.85,6,20895.975000000002
CUST0799,386679.01,6,64446.50166666667
CUST0800,110297.96,5,22059.592
CUST0801,117707.54,4,29426.885
CUST0802,384400.25,7,54914.32142857143
CUST0803,162889.53999999998,3,54296.51333333333
CUST0804,33508.8,2,16754.4
CUST0805,459825.51,8,57478.18875
CUST0806,139557.1,2,69778.55
CUST0807,29434.53,2,14717.265
CUST0808,137208.81,4,34302.2025
CUST0809,250706.9,8,31338.3625
CUST0810,224129.66,5,44825.932
CUST0811,399697.35,7,57099.62142857142
CUST0812,3414.42,1,3414.42
CUST0813,179479.12,5,35895.824
CUST0814,69124.29000000001,3,23041.430000000004
CUST0815,196753.47,7,28107.63857142857
CUST0816,91845.28,4,22961.32
CUST0817,63265.21,3,21088.403333333332
CUST0818,142914.3,5,28582.859999999997
CUST0819,138093.17,2,69046.585
CUST0820,152670.88999999998,5,30534.177999999996
CUST0821,38030.490000000005,3,12676.830000000002
CUST0822,268865.55,4,67216.3875
CUST0823,278791.84,3,92930.61333333334
CUST0824,228195.19,6,38032.53166666667
CUST0825,64585.68,4,16146.42
CUST0826,97491.76,4,24372.94
CUST0827,211960.44,5,42392.088
CUST0828,158901.02,2,79450.51
CUST0829,91055.2,4,22763.8
CUST0830,179486.66,3,59828.886666666665
CUST0831,133443.35,3,44481.11666666667
CUST0832,54311.18,1,54311.18
CUST0833,194108.24,7,27729.74857142857
CUST0834,497250.98,6,82875.16333333333
CUST0835,268941.43,4,67235.3575
CUST0836,508214.65,6,84702.44166666667
CUST0837,264808.21,7,37829.74428571429
CUST0838,194523.62,7,27789.088571428572
CUST0839,29851.65,2,14925.825
CUST0840,157503.86000000002,4,39375.965000000004
CUST0841,133844.78,5,26768.956
CUST0842,25099.03,4,6274.7575
CUST0843,503270.19,5,100654.038
CUST0844,85725.75,2,42862.875
CUST0845,208505.05000000002,3,69501.68333333333
CUST0846,366235.56,5,73247.112
CUST0847,199552.75,4,49888.1875
CUST0848,23988.92,3,7996.306666666666
CUST0849,162634.38,6,27105.73
CUST0850,478932.68,9,53214.74222222222
CUST0851,199237.38,7,28462.48285714286
CUST0852,82244.73999999999,4,20561.184999999998
CUST0853,25541.71,4,6385.4275
CUST0854,337027.98,6,56171.329999999994
CUST0855,321682.26,7,45954.60857142857
CUST0856,312048.61,8,39006.07625
CUST0857,451151.71,13,34703.97769230769
CUST0858,298225.52,5,59645.10400000001
CUST0859,255282.8,4,63820.7
CUST0860,116793.32999999999,4,29198.332499999997
CUST0861,54818.06,2,27409.03
CUST0862,297781.69999999995,3,99260.56666666665
CUST0863,153741.24,4,38435.31
CUST0864,396259.22,13,30481.47846153846
CUST0865,188901.14,5,37780.228
CUST0866,100973.65,3,33657.88333333333
CUST0867,431830.32,7,61690.04571428571
CUST0868,36654.33,5,7330.866
CUST0869,220331.79,3,73443.93000000001
CUST0870,14275.23,1,14275.23
CUST0871,161748.22999999998,4,40437.057499999995
CUST0872,383924.01,3,127974.67
CUST0873,50993.619999999995,2,25496.809999999998
CUST0874,623828.73,7,89118.39
CUST0875,96742.67,3,32247.556666666667
CUST0876,307896.53,3,102632.17666666668
CUST0877,148684.69,5,29736.938000000002
CUST0878,223479.91,5,44695.982
CUST0879,57171.14,2,28585.57
CUST0880,32669.160000000003,3,10889.720000000001
CUST0881,53478.87,3,17826.29
CUST0882,183598.08,2,91799.04
CUST0883,160843.95,4,40210.9875
CUST0884,259810.66,3,86603.55333333333
CUST0885,238798.3,7,34114.04285714286
CUST0886,281051.54,3,93683.84666666666
CUST0887,152726.74,5,30545.347999999998
CUST0888,122860.06999999999,6,20476.678333333333
CUST0889,232281.52,4,58070.38
CUST0890,336882.06,5,67376.412
CUST0891,336122.91,7,48017.55857142857
CUST0892,129133.2,4,32283.3
CUST0893,286573.89999999997,7,40939.12857142857
CUST0894,274342.52,6,45723.753333333334
CUST0895,208262.51,5,41652.502
CUST0896,88177.13,4,22044.2825
CUST0897,85085.03,5,17017.006
CUST0898,206593.1,6,34432.183333333334
CUST0899,227112.86000000002,4,56778.215000000004
CUST0900,284215.61,6,47369.26833333333
CUST0901,316885.70999999996,7,45269.38714285714
CUST0902,63271.3,4,15817.825
CUST0903,110745.94,5,22149.188000000002
CUST0904,277583.56,8,34697.945
CUST0905,78870.67,3,26290.22333333333
CUST0906,181404.25999999998,3,60468.08666666666
CUST0907,304508.26,4,76127.065
CUST0908,114922.38,6,19153.73
CUST0909,101740.43,4,25435.1075
CUST0910,127564.09,3,42521.363333333335
CUST0911,114742.71,4,28685.6775
CUST0912,436119.17,11,39647.19727272727
CUST0913,127326.12000000001,6,21221.02
CUST0914,211602.44,9,23511.382222222222
CUST0915,199863.86,4,49965.965
CUST0916,188314.87,7,26902.124285714286
CUST0917,301430.15,8,37678.76875
CUST0918,142113.18,3,47371.06
CUST0919,107957.21,4,26989.3025
CUST0920,276038.47000000003,7,39434.067142857144
CUST0921,88398.73,2,44199.365
CUST0922,125369.85999999999,3,41789.95333333333
CUST0923,187570.77,7,26795.824285714283
CUST0924,152255.52000000002,6,25375.920000000002
CUST0925,184392.55,6,30732.091666666664
CUST0927,9154.94,1,9154.94
CUST0928,109437.79,4,27359.4475
CUST0929,243767.08,8,30470.885
CUST0930,214568.5,3,71522.83333333333
CUST0931,89081.51000000001,4,22270.377500000002
CUST0932,75576.95,3,25192.316666666666
CUST0933,236451.06,9,26272.34
CUST0934,367586.98,8,45948.3725
CUST0935,248436.72,7,35490.96
CUST0936,23799.499999999996,2,11899.749999999998
CUST0937,173006.68,4,43251.67
CUST0938,203835.97999999998,9,22648.44222222222
CUST0939,108713.77,4,27178.4425
CUST0940,264134.78,8,33016.8475
CUST0941,216682.8,8,27085.35
CUST0942,102722.32,4,25680.58
CUST0943,25463.1,3,8487.699999999999
CUST0944,184500.35,6,30750.058333333334
CUST0945,192643.09,5,38528.618
CUST0946,431522.69,6,71920.44833333333
CUST0947,133026.94,4,33256.735
CUST0948,396543.74,5,79308.74799999999
CUST0949,129706.12,6,21617.686666666665
CUST0950,65323.36,5,13064.672
CUST0951,230540.48,5,46108.096000000005
CUST0952,184883.58000000002,5,36976.716
CUST0953,312744.43,5,62548.886
CUST0954,200145.66,5,40029.132
CUST0955,153666.68,3,51222.22666666666
CUST0956,215975.58000000002,8,26996.947500000002
CUST0957,17146.18,3,5715.393333333333
CUST0958,296452.87,7,42350.409999999996
CUST0959,324340.49,6,54056.74833333333
CUST0960,163196.54,5,32639.308
CUST0961,80183.22,2,40091.61
CUST0962,266627.27,10,26662.727000000003
CUST0963,312718.1,8,39089.7625
CUST0964,170222.26,7,24317.465714285714
CUST0965,245892.23,4,61473.0575
CUST0966,215003.35,7,30714.764285714286
CUST0967,97676.91,3,32558.97
CUST0968,378146.1,5,75629.22
CUST0969,11017.5,1,11017.5
CUST0970,241446.55,4,60361.6375
CUST0971,86758.09999999999,6,14459.683333333332
CUST0972,115393.91,3,38464.636666666665
CUST0973,12972.57,2,6486.285
CUST0974,286667.14,5,57333.428
CUST0975,95173.95000000001,6,15862.325000000003
CUST0976,208704.27,5,41740.854
CUST0977,260410.43000000002,6,43401.738333333335
CUST0978,292385.6,7,41769.37142857142
CUST0979,137314.11000000002,7,19616.30142857143
CUST0980,155034.85,4,38758.7125
CUST0981,178568.93,6,29761.48833333333
CUST0982,92475.70999999999,1,92475.70999999999
CUST0983,51578.72,3,17192.906666666666
CUST0984,83860.33,4,20965.0825
CUST0985,341880.39,6,56980.065
CUST0986,323717.14999999997,6,53952.85833333333
CUST0987,210309.6,7,30044.22857142857
CUST0988,118879.22,5,23775.844
CUST0989,38780.990000000005,4,9695.247500000001
CUST0990,44916.61,4,11229.1525
CUST0991,234524.59000000003,4,58631.14750000001
CUST0992,396342.35,7,56620.33571428571
CUST0993,328984.8,8,41123.1
CUST0994,109596.33,5,21919.266
CUST0995,340683.29000000004,4,85170.82250000001
CUST0996,82947.76,3,27649.25333333333
CUST0997,95185.64,4,23796.41
CUST0998,271829.56,7,38832.794285714284
CUST0999,191994.43,7,27427.77571428571
CUST1000,291642.27,6,48607.045000000006
